{
  "modelo_a_prob_perda": {
    "tem_contrato": 0.566879391670227,
    "tem_extrato": 0.2506745755672455,
    "tem_comprovante": 0.03142174333333969,
    "Sub-assunto": 0.028426963835954666,
    "qtd_docs": 0.027789289131760597,
    "tem_laudo": 0.016798675060272217,
    "tem_dossie": 0.014524579048156738,
    "tem_demonstrativo": 0.013447783887386322,
    "uf_taxa_perda_hist": 0.01030180137604475,
    "uf_ticket_medio_cond": 0.008838651701807976,
    "log_valor_causa": 0.008516086265444756,
    "Valor da causa": 0.008369185030460358,
    "UF": 0.007745648734271526,
    "valor_causa_bin": 0.006265590433031321
  },
  "modelo_b_valor_condenacao": {
    "valor_causa_bin": 0.6234862208366394,
    "Valor da causa": 0.1272517591714859,
    "log_valor_causa": 0.057729680091142654,
    "uf_ticket_medio_cond": 0.03141889348626137,
    "Sub-assunto": 0.02538379095494747,
    "uf_taxa_perda_hist": 0.024784445762634277,
    "UF": 0.014664583839476109,
    "tem_extrato": 0.014332612976431847,
    "qtd_docs": 0.014207752421498299,
    "tem_comprovante": 0.013621781021356583,
    "tem_demonstrativo": 0.013591774739325047,
    "tem_contrato": 0.013460869900882244,
    "tem_laudo": 0.013243306428194046,
    "tem_dossie": 0.01282245758920908
  },
  "modelo_b_quantis": {
    "q10": {
      "valor_causa_bin": 0.1594482958316803,
      "Valor da causa": 0.12047147005796432,
      "uf_ticket_medio_cond": 0.08473838865756989,
      "log_valor_causa": 0.07584210485219955,
      "uf_taxa_perda_hist": 0.07084370404481888,
      "Sub-assunto": 0.061308544129133224,
      "tem_comprovante": 0.05638261139392853,
      "tem_laudo": 0.05547384172677994,
      "tem_dossie": 0.054195236414670944,
      "UF": 0.05404023081064224,
      "tem_contrato": 0.05220169574022293,
      "qtd_docs": 0.05214773491024971,
      "tem_demonstrativo": 0.05167305842041969,
      "tem_extrato": 0.05123314633965492
    },
    "q50": {
      "valor_causa_bin": 0.40577390789985657,
      "Valor da causa": 0.11091095954179764,
      "log_valor_causa": 0.0738169252872467,
      "uf_ticket_medio_cond": 0.06323903799057007,
      "uf_taxa_perda_hist": 0.04576947167515755,
      "Sub-assunto": 0.04274922236800194,
      "tem_laudo": 0.033286724239587784,
      "tem_demonstrativo": 0.033238478004932404,
      "tem_dossie": 0.03268785774707794,
      "qtd_docs": 0.03266584873199463,
      "UF": 0.03197171539068222,
      "tem_comprovante": 0.031931594014167786,
      "tem_contrato": 0.03135138377547264,
      "tem_extrato": 0.03060680814087391
    },
    "q90": {
      "valor_causa_bin": 0.33393675088882446,
      "Valor da causa": 0.12154480814933777,
      "log_valor_causa": 0.08668520301580429,
      "uf_ticket_medio_cond": 0.04850146174430847,
      "Sub-assunto": 0.04708779603242874,
      "uf_taxa_perda_hist": 0.04472694173455238,
      "tem_comprovante": 0.04165425896644592,
      "tem_laudo": 0.04103991016745567,
      "tem_dossie": 0.03981952741742134,
      "tem_contrato": 0.03968195244669914,
      "qtd_docs": 0.0396675281226635,
      "tem_extrato": 0.03896765410900116,
      "UF": 0.03841651603579521,
      "tem_demonstrativo": 0.03826979547739029
    }
  },
  "modelo_alpha": {
    "0.15": {
      "valor_causa_bin": 0.09086731821298599,
      "tem_extrato": 0.08306878805160522,
      "log_valor_causa": 0.0779857262969017,
      "Valor da causa": 0.07677920907735825,
      "qtd_docs": 0.07584279775619507,
      "tem_contrato": 0.07570293545722961,
      "tem_laudo": 0.07463584095239639,
      "tem_demonstrativo": 0.0734436959028244,
      "tem_dossie": 0.07187070697546005,
      "uf_taxa_perda_hist": 0.06521943211555481,
      "Sub-assunto": 0.0646728053689003,
      "uf_ticket_medio_cond": 0.061673909425735474,
      "tem_comprovante": 0.05511050671339035,
      "UF": 0.05312632769346237
    },
    "0.3": {
      "tem_contrato": 0.11540631204843521,
      "tem_extrato": 0.09489226341247559,
      "tem_comprovante": 0.08152855187654495,
      "qtd_docs": 0.07850492745637894,
      "log_valor_causa": 0.07539563626050949,
      "uf_taxa_perda_hist": 0.0718451738357544,
      "tem_laudo": 0.07078532129526138,
      "Valor da causa": 0.06799137592315674,
      "Sub-assunto": 0.06705684214830399,
      "tem_dossie": 0.06572044640779495,
      "uf_ticket_medio_cond": 0.05970287322998047,
      "tem_demonstrativo": 0.058923494070768356,
      "UF": 0.05346821993589401,
      "valor_causa_bin": 0.03877854347229004
    },
    "0.5": {
      "tem_contrato": 0.20683015882968903,
      "tem_extrato": 0.12989145517349243,
      "qtd_docs": 0.08462062478065491,
      "uf_ticket_medio_cond": 0.061483558267354965,
      "tem_comprovante": 0.06055116280913353,
      "Sub-assunto": 0.056045278906822205,
      "tem_dossie": 0.055405378341674805,
      "tem_laudo": 0.05466536432504654,
      "log_valor_causa": 0.053576741367578506,
      "uf_taxa_perda_hist": 0.051815032958984375,
      "valor_causa_bin": 0.05101771280169487,
      "Valor da causa": 0.0500473752617836,
      "tem_demonstrativo": 0.043405238538980484,
      "UF": 0.04064492508769035
    },
    "0.75": {
      "tem_contrato": 0.3474397659301758,
      "tem_extrato": 0.18090508878231049,
      "valor_causa_bin": 0.07563011348247528,
      "qtd_docs": 0.06568058580160141,
      "tem_comprovante": 0.043459925800561905,
      "tem_dossie": 0.03823971375823021,
      "uf_ticket_medio_cond": 0.03495592251420021,
      "uf_taxa_perda_hist": 0.03449195250868797,
      "log_valor_causa": 0.03234785795211792,
      "Sub-assunto": 0.03222387284040451,
      "Valor da causa": 0.031109262257814407,
      "tem_demonstrativo": 0.02867155149579048,
      "UF": 0.02820100262761116,
      "tem_laudo": 0.026643363758921623
    },
    "0.9": {
      "UF": 0.0,
      "Sub-assunto": 0.0,
      "Valor da causa": 0.0,
      "log_valor_causa": 0.0,
      "valor_causa_bin": 0.0,
      "uf_taxa_perda_hist": 0.0,
      "uf_ticket_medio_cond": 0.0,
      "tem_contrato": 0.0,
      "tem_extrato": 0.0,
      "tem_comprovante": 0.0,
      "tem_dossie": 0.0,
      "tem_demonstrativo": 0.0,
      "tem_laudo": 0.0,
      "qtd_docs": 0.0
    }
  }
}