{
  "auc_roc": 0.6277379720854841,
  "brier_score": 0.2030380207628876,
  "log_loss": 0.5930405187044944,
  "ece": 0.013389332051055544,
  "taxa_perda_real_teste": 0.30441666666666667,
  "taxa_perda_prevista_teste": 0.3053540481478643,
  "acuracia_corte_0_5": 0.6960833333333334,
  "n_train": 48000,
  "n_test": 12000,
  "cv_auc_mean": 0.6242590014436179,
  "cv_auc_std": 0.004596266886009979
}