{
  "mae": 2421.9346890105844,
  "rmse": 3061.1841166578297,
  "r2": 0.5728172893214167,
  "mape": 0.27023439591702353,
  "media_real_teste": 10616.088042540376,
  "media_prevista_teste": 10189.162109375,
  "n_train": 14614,
  "n_test": 3653
}