{
  "quantis": [
    0.1,
    0.5,
    0.9
  ],
  "pinball_loss": {
    "q10": 487.26979679182244,
    "q50": 1195.6771502560368,
    "q90": 421.3310398472627
  },
  "cobertura_empirica_IC80": 0.7339173282233781
}