{
  "n_acordos": 280,
  "quantis_treinados": [
    0.15,
    0.3,
    0.5,
    0.75,
    0.9
  ],
  "pinball_loss_por_quantil": {
    "0.15": 0.019696280945747408,
    "0.3": 0.02616952687334484,
    "0.5": 0.030947875351873703,
    "0.75": 0.023042687522953114,
    "0.9": 0.03905835647687
  },
  "alpha_empirico_describe": {
    "count": 280.0,
    "mean": 0.6094164352313,
    "std": 0.23545731111405777,
    "min": 0.23445626569155273,
    "25%": 0.42865767182920383,
    "50%": 0.5423136176667551,
    "75%": 0.7667472518841427,
    "max": 1.0
  },
  "alpha_clip_min": 0.1,
  "alpha_clip_max": 1.0
}