{
  "auc_roc": 0.9187271500526161,
  "brier_score": 0.09635195480038188,
  "log_loss": 0.32301028901811796,
  "ece": 0.026262571908331346,
  "taxa_perda_real_teste": 0.30441666666666667,
  "taxa_perda_prevista_teste": 0.3057729124828297,
  "acuracia_corte_0_5": 0.86975,
  "n_train": 48000,
  "n_test": 12000,
  "cv_auc_mean": 0.9157662003852913,
  "cv_auc_std": 0.0038993002004929023
}