{
  "mae": 2449.4602164378484,
  "rmse": 3096.701267860303,
  "r2": 0.5628470750928891,
  "mape": 0.27246034959999266,
  "media_real_teste": 10616.088042540376,
  "media_prevista_teste": 10204.9013671875,
  "n_train": 14614,
  "n_test": 3653
}