{
  "n_acordos": 280,
  "quantis_treinados": [
    0.15,
    0.3,
    0.5,
    0.75,
    0.9
  ],
  "pinball_loss_por_quantil": {
    "0.15": 0.019787809940489644,
    "0.3": 0.026786168288473564,
    "0.5": 0.03229406991854881,
    "0.75": 0.023846095882861004,
    "0.9": 0.03909440249683313
  },
  "alpha_empirico_describe": {
    "count": 280.0,
    "mean": 0.6090559750316686,
    "std": 0.23787887924691706,
    "min": 0.23579631650957425,
    "25%": 0.4313688702960573,
    "50%": 0.5281260738708234,
    "75%": 0.7966348275563092,
    "max": 1.0
  },
  "alpha_clip_min": 0.1,
  "alpha_clip_max": 1.0
}