{
  "quantis": [
    0.1,
    0.5,
    0.9
  ],
  "pinball_loss": {
    "q10": 490.4312200356206,
    "q50": 1196.5265536120917,
    "q90": 418.0972952359201
  },
  "cobertura_empirica_IC80": 0.7426772515740487
}